"State/UT","Area","Ever tobacco users (%)","Current tobacco users (%)","Ever tobacco smokers (%)","Current tobacco smokers (%)","Ever cigarette users (%)","Current cigarette users (%)","Ever bidi users (%) ","Current bidi users (%)","Ever smokeless tobacco users (%)","Current smokeless tobacco users (%)","Ever users of  paan masala together with tobacco (%)","Never cigarette smokers susceptible to cigarette use in future (%)","Median age of initiation of Cigarette (in years)","Median age of initiation of Bidi (in years)","Median age of initiation of smokeless tobacco (in years)","Awareness about e-cigarette (%)","Ever e-cigarette use (%)","Ever tobacco smokers who quit in last 12 months (%)","Current tobacco smokers who tried to quit smoking in the past 12 months (%)","Current tobacco smokers who wanted to quit smoking now   (%)","Ever  smokeless tobacco users who quit  in last 12 months (%)","Current smokeless tobacco users who tried to quit tobacco in the past 12 months   (%)","Current  smokeless tobacco users who wanted to quit tobacco now     (%)","Exposure to tobacco smoke at home/public place (%)","Exposure to tobacco smoke at home   (%)","Exposure to tobacco smoke inside any enclosed public  places  (%)","Exposure to tobacco smoke at any outdoor public places  (%)","Students who saw anyone smoking inside the  school building or outside school property (%)","Major source of tobacco product- Cigarette: Store   (%)","Major source of tobacco product- Cigarette: Paan shop (%)","Major source of tobacco product- Bidi: Store   (%)","Major source of tobacco product- Bidi: Paan shop (%)","Major source of tobacco product- Smokeless tobacco: Store   (%)","Major source of tobacco product- Smokeless tobacco: Paan shop  (%)","Current cigarette smokers who bought cigarettes from a store, paan shop, street vendor, or vending machine       (%)","Current bidi smokers who bought bidi from a store, paan shop, or street vendor (%)","Refused sale of cigarette because of age in past 30 days   (%)","Refused sale of bidi because of age in past 30 days   (%)","Refused sale of smokeless tobacco because of age in past 30 days    (%)","Bought Cigarette as individual sticks in past 30 days    (%)","Bought Bidi as individual sticks in past 30 days     (%)","Students who noticed anti-tobacco messages anywhere in past 30 days    (%)","Students who noticed anti-tobacco messages in mass media in past 30 days    (%)","Students who noticed anti-tobacco messages at sporting,  fairs, concerts, community events or social gatherings in past 30 days   (%)","Students who noticed health warnings on any tobacco product/cigarette packages in past 30 days       (%)","Students who saw tobacco advertisements anywhere in past 30 days  (%)","Students who saw anyone using tobacco on mass media in past 30 days  (%)","Students who noticed cigarette advertisements/promotions at point of sale in past 30 days (%)","Students who were taught in class about harmful effects of tobacco use during past 12 months (%)","Students who thought it is difficult to quit once someone starts smoking tobacco (%)","Students who thought other people’s tobacco smoking is harmful to them (%)","Students who favoured ban on smoking inside enclosed public places (%)","Students who favoured ban on smoking at outdoor public places (%)","School heads aware of COTPA, 2003  (%)","Schools authorized by the state government to collect fine for violation under Section-6 of the COTPA, 2003  (%)","Schools followed ‘tobacco-free school’ guidelines  (%)","Schools aware of the policy for displaying ‘tobacco-free school’ board  (%)"
"India","Total","18.1","8.5","11.0","7.3","4.6","2.6","4.1","2.1","12.5","4.1","4.3","8.4","11.5","10.5","9.9","26.9","2.8","10.6","20.0","20.6","9.4","26.7","24.8","29.5","11.2","21.2","23.4","28.8","39.7","25.2","50.5","27.5","42.0","22.2","69.4","77.6","54.7","52.7","67.0","38.7","28.9","71.3","52.3","35.2","25.2","60.6","52.8","17.5","37.8","26.0","70.6","58.1","60.5","85.4","38.2","82.1","82.5"
"India","Urban","13.5","5.5","8.1","4.5","4.1","2.3","3.7","1.9","8.5","2.1","2.7","6.8","11.2","10.0","10.5","24.7","3.2","14.6","29.3","25.7","13.7","23.7","24","33.4","9.0","24.6","26.8","27.1","31.7","27.4","35.0","43.5","37.9","36.0","69.8","75.2","56.3","61.7","50","37.3","23.1","74.6","57.1","36.6","26.0","64.6","58.6","16.3","34.1","30.1","73.3","64.8","67.4","86.9","36.4","82.4","83.0"
"India","Rural","19.5","9.4","11.8","8.1","4.7","2.6","4.3","2.2","13.7","4.6","4.7","8.9","11.6","10.7","9.7","27.5","2.6","9.8","18.6","19.8","8.7","27.0","24.9","28.3","11.8","20.3","22.5","29.3","41.7","24.7","54.0","23.8","42.9","18.9","69.3","78.1","54.3","50.6","69.5","39.0","30.2","70.3","50.9","34.8","25.0","59.4","51.1","17.8","38.9","24.8","69.8","56.1","58.6","84.6","39.2","81.9","82.2"
"Andaman and Nicobar Islands","Total","21.5","4.4","8.8","3.7","4.4","1.3","2.7","1.0","17.2","1.4","7.1","10.2","12.0","12.3","11.4","13.6","1.6","19.8","32.9","30.9","4.6","16.3","11.1","35.6","7.0","26.9","26.9","29.0","29.5","29.4","28.0","18.7","44.3","41.5","42.3","37.5","59.8","63.2","12.2","42.2","45.1","74.0","57.9","40.1","29.2","57.4","46.2","21.1","23.4","23.0","69.0","65.0","60.6","88.6","1.1","76.0","67.9"
"Andaman and Nicobar Islands","Urban","13.3","3.4","6.5","2.6","3.7","1.3","2.0","0.7","9.0","1.3","2.1","7.3","12.4","13.8","12.3","10.0","1.1","10.7","24.2","24.2","9.8","18.6","5.0","36.2","5.1","25.2","28.6","24.4","23.2","29.9","0.0","13.6","38.6","35.5","59.4","40.3","56.3","27.2","0.0","54.6","41.9","66.8","46.8","28.8","26.4","57.4","47.6","20.2","25.7","26.9","66.6","65.1","60.9","89.1","0.0","85.3","42.5"
"Andaman and Nicobar Islands","Rural","26.8","5.1","10.2","4.4","4.8","1.4","3.2","1.3","22.5","1.4","10.4","12.5","11.8","11.8","11.3","15.8","2.0","23.5","36.1","33.5","3.3","15.0","14.7","35.2","8.3","27.9","25.8","32.0","33.8","29.0","47.2","22.2","51.2","48.8","32.3","36.6","61.8","79.6","20.4","33.8","47.2","78.7","64.9","47.4","31.1","57.4","45.3","21.7","22.0","20.5","70.6","65.0","60.4","88.0","2.4","64.2","100.0"
"Andhra Pradesh","Total","7.3","2.6","4.4","1.8","2.6","1.1","2.3","0.8","4.4","1.1","0.9","4.1","12.6","11.0","12.0","16.5","0.7","12.8","36.6","30.4","12.2","23.4","36.5","31.8","7.2","22.5","25.0","16.2","52.9","17.4","67.4","14.8","44.4","34.5","71.4","80.0","31.9","58.8","49.2","37.0","55.4","65.2","49.9","27.6","22.2","67.6","65.8","9.1","22.9","30.6","72.9","50.2","50.8","48.5","9.1","51.5","36.4"
"Andhra Pradesh","Urban","4.5","0.7","2.0","0.7","1.2","0.4","1.2","0.3","3.1","0","0.3","3.4","12.8","14.4","<7","17.7","0.4","7.4","53.6","59.9","1.2","85.9","85.9","26.0","3.6","18.1","20.2","13.6","82.9","5.2","69.3","6.3","0.0","0.0","69.4","75.6","16.6","26.0","50.0","51.0","30.7","65.6","53.1","29.0","20.2","74.7","73.7","10.6","18.4","34.8","78.2","64.1","62.4","58.3","8.3","50.0","41.7"
"Andhra Pradesh","Rural","8.8","3.5","5.6","2.4","3.4","1.4","2.9","1.0","5.1","1.6","1.2","4.4","12.5","10.8","12.1","15.9","0.9","13.9","34.1","26.0","15.6","22.6","35.8","34.9","9.1","24.8","27.5","17.6","48.8","19.1","67.0","16.3","45.0","34.9","71.8","80.7","34.2","65.3","49.2","35.1","59.8","64.9","48.2","26.9","23.3","63.8","61.6","8.3","25.3","28.5","70.1","42.9","44.7","42.9","9.5","52.4","33.3"
"Arunachal Pradesh","Total","63.1","57.9","59.2","53.5","47.9","45.9","48.8","45.9","41.7","40.7","12.2","25.6","8.7","8.6","8.5","25.9","16.6","22.6","35.1","23.8","17.8","20.4","16.8","69.7","31.4","67.9","64.1","62.8","64.2","24.1","65.3","16.3","74.5","11.8","94.3","87.7","70.6","68.4","65.1","15.9","21.4","94.4","70.4","71.0","63.1","62.7","50.7","19.0","20.9","15.6","47.1","67.6","69.6","63.6","50.0","50.0","63.6"
"Arunachal Pradesh","Urban","55.7","51.4","54.5","50.0","47.8","47.8","48.1","47.4","48.5","47.8","11.6","27.1","8.7","8.7","8.5","24.1","18.6","15.3","33.5","13.7","11.9","17.6","11.8","68.6","20.8","67.9","61.0","80.2","84.7","10.0","90.0","3.4","86.5","3.7","99.4","98.0","59.0","61.5","60.6","14.6","11.0","97.6","86.8","89.8","57.7","66.4","59.8","8.7","15.1","11.6","51.8","79.4","76.5","77.8","33.3","33.3","66.7"
"Arunachal Pradesh","Rural","75.7","69.2","67.2","59.6","48.0","42.8","50.2","43.3","30.1","28.4","13.4","20.8","7.9","7.9","8.7","29.0","13.2","32.7","37.5","38.3","34.0","28.6","31.4","71.6","49.5","68.0","69.5","33.1","24.1","51.8","17.1","41.4","29.6","42.1","84.6","68.2","86.5","77.9","78.3","18.5","41.6","89.0","42.5","38.8","72.3","56.2","35.1","36.5","30.8","22.4","39.0","47.4","57.9","53.9","61.5","61.5","61.5"
"Assam","Total","16.2","11.9","12.3","10.5","5.3","4.3","3.4","2.9","9.1","5.4","3.3","5.8","10.9","9.5","10.7","28.6","4.2","11.6","14.9","22.9","20.0","20.0","17.5","26.0","6.7","19.1","22.1","19.7","67.9","12.6","42.5","18.6","27.6","25.6","68.4","76.0","82.1","40.9","35.3","34.1","23.6","77.0","56.9","30.4","28.3","52.4","42.1","15.5","40.0","18.3","74.2","53.7","52.6","81.3","31.3","90.6","84.4"
"Assam","Urban","14.5","5.3","8.8","5.3","7.3","4.6","2.4","1.1","11.7","3.3","3.1","7.9","13.8","13.3","13.8","15.2","0.9","24.9","53.9","50.2","11.7","67.8","80.0","38.0","10.4","33.3","33.5","42.8","1.0","45.1","0.0","0.0","0.0","17.5","32.9","0.0","61.0","0.0","34.0","85.1","58.8","77.5","55.5","24.8","24.2","67.1","60.1","24.3","51.0","19.0","83.8","68.7","64.4","100.0","0.0","80.0","80.0"
"Assam","Rural","16.3","12.5","12.6","10.9","5.2","4.3","3.5","3.1","8.9","5.5","3.3","5.6","10.5","9.4","10.6","29.7","4.5","10.8","13.3","21.7","20.9","17.6","14.4","25.0","6.4","17.9","21.2","17.7","73.5","9.9","44.1","19.3","28.9","26.0","71.6","78.4","84.2","42.9","35.4","29.8","22.3","77.0","57.0","30.9","28.7","51.2","40.5","14.8","39.1","18.2","73.3","52.4","51.5","77.8","37.0","92.6","85.2"
"Bihar","Total","21.5","7.3","9.4","4.7","4.8","2.3","3.3","1.8","15.5","3.2","1.1","13.7","7.9","8.5","<7","39.3","2.0","5.1","23.6","28.9","1.5","12.4","17.2","18.4","5.4","14.3","11.9","26.1","37.4","28.9","44.8","24.0","71.0","20.9","66.5","83.9","68.2","82.0","100.0","52.8","31.2","67.6","51.2","34.4","21.8","65.7","61.1","17.3","39.4","22.5","61.8","52.2","55.5","100.0","37.1","94.3","97.1"
"Bihar","Urban","15.2","7.0","10.0","6.9","7.2","4.4","5.5","5.0","7.7","0.2","0.4","11.8","12.5","11.8","--","34.8","3.5","18.9","49.5","30.0","0.0","0.0","0.0","37.9","3.0","31.8","34.2","36.7","24.8","50.4","63.6","16.8","0.0","0.0","72.8","80.4","74.6","80.4","0.0","93.7","38.2","90.4","84.2","44.8","26.8","91.5","91.1","14.4","40.3","30.1","85.1","81.5","85.5","100.0","50.0","100.0","100.0"
"Bihar","Rural","21.9","7.3","9.4","4.6","4.7","2.1","3.1","1.6","15.9","3.4","1.1","13.8","7.7","8.3","<7","39.6","1.9","4.2","21.3","28.8","1.5","12.4","17.3","17.3","5.6","13.3","10.6","25.5","39.1","26.1","41.1","25.4","100.0","100.0","65.7","84.6","67.4","82.3","100.1","47.4","29.9","66.3","49.2","33.8","21.6","64.2","59.3","17.4","39.4","22.1","60.4","50.4","53.7","100.0","35.5","93.6","96.8"
"Chandigarh","Total","10.3","3.0","6.9","2.5","1.1","0.6","3.2","0.6","5.0","1.2","1.3","5.6","9.5","8.4","10.2","24.8","2.5","10.4","22.6","13.4","5.7","12.1","14.1","28.2","4.6","15.8","22.6","21.9","31.1","30.6","26.6","23.7","55.8","44.2","58.7","59.9","64.7","72.5","50.1","51.6","36.9","72.4","57.5","37.1","20.6","75.3","72.1","13.5","37.7","35.5","76.2","71.4","70.4","100.0","42.9","95.2","100.0"
"Chandigarh","Urban","10.3","3.0","7.0","2.5","1.1","0.5","3.2","0.7","4.9","1.2","1.3","5.5","9.9","8.3","9.8","25.4","2.4","7.7","21.0","14.0","4.6","12.1","13.8","29.1","4.8","16.3","23.3","22.1","35.9","19.9","26.8","23.9","100.0","100.0","52.9","59.6","59.2","73.2","50.1","59.6","37.2","73.9","58.6","37.7","21.0","76.8","73.7","13.6","38.7","36.5","77.7","73.8","72.5","100.0","42.1","94.7","100.0"
"Chandigarh","Rural","9.9","3.2","4.8","3.2","1.6","1.6","3.2","0.1","6.8","0.1","0.2","8.1","--","8.5","--","11.6","4.6","94.0","47.6","3.2","22.2","0.0","100.0","9.2","1.8","5.9","6.2","17.3","0.0","100.0","0.0","0.0","0.0","0.0","100.0","100.0","100.0","0.0","0.0","0.0","0.0","41.4","35.7","22.7","11.6","44.6","38.4","11.4","16.0","14.1","45.3","20.4","26.6","100.0","50.0","100.0","100.0"
"Chhattisgarh","Total","18.8","8.0","10.4","6.9","6.3","4.5","4.2","2.2","14.4","2.6","2.7","10.0","8.2","9.1","7.3","20.6","2.1","18.5","23.1","29.0","23.7","37.7","21.3","36.8","16.8","25.6","24.2","27.8","47.3","25.4","51.4","23.7","47.0","22.9","75.5","67.0","70.3","86.4","52.6","31.1","24.7","80.3","63.1","33.6","31.2","61.5","56.6","15.8","47.1","26.3","70.7","63.8","69.1","71.0","19.4","96.8","90.3"
"Chhattisgarh","Urban","17.4","7.5","13.9","7.3","4.8","3.7","6.0","2.0","8.0","1.5","1.9","6.9","12.1","9.3","8.9","28.8","2.4","9.8","16.6","22.1","18.8","75.7","56.3","26.7","3.1","21.0","20.0","27.9","62.9","14.6","82.5","0.0","65.4","19.7","72.3","36.4","58.9","77.2","22.5","39.1","24.5","80.1","61.6","33.7","28.4","60.4","54.7","16.2","30.7","26.6","68.6","70.7","74.4","88.9","22.2","100.0","100.0"
"Chhattisgarh","Rural","19.1","8.1","9.5","6.8","6.6","4.7","3.8","2.2","15.8","2.8","2.9","10.7","8.0","9.0","7.3","18.7","2.0","21.5","24.7","30.7","24.3","33.2","17.2","39.1","19.9","26.6","25.2","27.8","44.3","27.4","48.1","26.2","44.4","23.4","76.1","73.1","71.6","87.1","62.2","29.5","24.7","80.4","63.5","33.5","31.9","61.7","57.1","15.7","50.8","26.2","71.2","62.2","67.8","63.6","18.2","95.5","86.4"
"Dadra and Nagar Haweli","Total","15.3","2.4","4.6","2.2","1.7","1.1","2.5","1.3","12.4","0.7","5.3","4.2","11.1","12.1","9.6","17.2","1.2","22.3","57.1","52.1","80.0","67.4","65.2","38.0","6.5","21.6","30.8","37.4","73.7","13.7","72.6","9.7","78.3","12.3","58.6","56.8","35.2","48.0","29.0","50.8","15.1","72.3","58.9","39.9","25.2","52.6","40.8","22.4","33.0","19.8","77.9","56.1","55.9","100.0","22.2","88.9","88.9"
"Dadra and Nagar Haweli","Urban","7.1","2.1","4.7","2.1","1.6","1.2","3.1","1.2","3.5","0.4","1.3","5.0","13.4","13.1","9.8","15.5","0.5","4.1","23.2","20.5","60.7","100.0","87.1","22.1","3.3","11.8","20.2","23.9","68.9","0.0","48.7","31.1","52.6","14.8","22.8","11.5","27.4","13.3","17.9","100.0","20.2","66.9","51.8","35.0","25.6","63.5","56.9","21.4","28.0","26.4","78.9","62.6","62.3","100.0","16.7","100.0","83.3"
"Dadra and Nagar Haweli","Rural","19.2","2.5","4.5","2.2","1.7","1.1","2.2","1.4","16.7","0.9","7.2","3.7","9.6","11.1","9.6","18.1","1.6","31.4","72.0","65.9","82.0","60.6","60.6","45.5","8.0","26.3","35.9","43.8","74.4","15.5","75.1","7.5","84.2","11.7","78.1","75.0","39.5","60.3","31.5","44.1","14.6","74.8","62.2","42.3","25.1","47.4","33.2","22.8","35.3","16.6","77.5","53.0","52.9","100.0","25.0","83.3","91.7"
"Daman and Diu","Total","11.8","4.3","6.9","3.4","3.4","2.2","3.5","2.1","7.5","1.9","2.6","4.0","12.3","9.8","9.6","26.2","1.5","9.7","28.6","29.7","27.4","24.0","49.4","28.2","4.8","19.1","22.0","28.8","37.0","19.8","54.6","19.9","43.8","25.4","70.5","52.5","35.1","49.4","19.8","31.4","11.1","70.5","54.5","32.4","28.3","55.1","44.4","18.7","25.1","27.0","72.2","66.6","63.7","94.1","41.2","76.5","88.2"
"Daman and Diu","Urban","8.6","1.9","4.2","1.1","2.0","0.5","1.5","0.9","5.7","1.2","1.3","2.4","12.4","<7.0","9.7","25.0","0.7","7.6","81.5","40.0","60.5","29.5","27.7","26.1","2.4","16.4","20.9","25.5","0.0","28.7","80.3","19.7","81.1","0.0","100.0","76.2","71.3","76.0","18.0","0.0","43.7","70.5","53.5","26.6","25.8","56.4","50.6","14.5","26.5","29.7","73.9","70.8","68.6","100.0","42.9","85.7","85.7"
"Daman and Diu","Rural","13.3","5.5","8.1","4.5","4.0","3.0","4.4","2.7","8.4","2.2","3.2","4.8","12.2","10.0","9.5","26.8","1.9","10.3","22.2","28.5","16.7","22.6","54.8","29.2","6.0","20.4","22.5","30.3","40.1","19.1","50.3","19.9","33.7","32.3","68.3","48.8","31.7","45.0","20.3","34.1","5.6","70.6","54.9","35.1","29.5","54.4","41.5","20.7","24.4","25.7","71.4","64.6","61.4","90.0","40.0","70.0","90.0"
"Delhi","Total","16.5","8.0","11.6","7.5","3.9","2.7","3.0","2.5","9.6","1.3","4.2","13.2","7.8","8.0","11.6","40.6","11.1","4.0","30.0","11.4","9.6","14.1","8.9","37.8","4.6","31.6","32.5","27.6","32.1","29.8","49.5","39.3","43.5","22.2","88.6","90.8","49.4","85.0","71.3","23.8","10.3","82.6","59.3","42.0","30.8","87.2","85.4","11.8","45.3","46.1","78.0","61.5","63.5","100.0","33.3","100.0","96.7"
"Delhi","Urban","16.5","8.1","11.8","7.7","4.0","2.8","3.1","2.5","9.5","1.2","4.3","13.5","7.8","7.9","11.6","41.1","11.4","3.8","30.0","11.2","10.0","15.8","9.7","38.0","4.5","32.1","32.7","27.7","32.2","29.7","49.7","39.5","44.3","26.1","88.8","90.8","49.5","85.0","76.6","23.7","10.0","82.5","58.7","41.8","30.7","87.1","85.3","11.4","44.9","46.8","77.8","60.6","62.7","100.0","29.2","100.0","95.8"
"Delhi","Rural","14.3","5.7","4.7","2.4","2.0","0.5","1.4","0.7","11.5","4.3","1.3","5.6","10.6","11.4","8.8","28.1","2.9","20.6","32.7","26.7","0.0","1.2","2.9","31.0","7.5","19.8","27.1","24.9","19.4","35.6","33.4","21.9","39.4","0.0","55.0","88.7","45.0","71.7","42.0","35,2","33.4","86.6","75.0","48.2","31.2","89.2","88.7","23.3","53.8","28.6","83.9","85.7","85.7","100.0","50.0","100.0","100.0"
"Goa","Total","9.3","2.1","5.3","1.4","2.7","0.7","2.3","0.8","5.6","0.9","1.4","6.2","11.7","13.3","11.3","22.0","0.7","7.7","26.8","26.4","5.5","11.8","31.0","28.4","2.8","17.0","23.0","18.2","44.7","32.7","48.9","30.3","53.1","23.1","48.8","37.6","36.8","85.3","66.1","27.1","41.6","64.1","41.1","20.0","31.3","67.9","53.0","25.9","26.1","32.4","73.8","74.9","72.1","100.0","27.3","90.9","90.9"
"Goa","Urban","7.7","1.9","4.0","1.2","1.9","0.6","1.7","0.8","4.8","0.7","1.3","5.4","12.3","12.4","11.3","23.3","0.9","11.4","38.8","43.2","8.2","0.0","46.4","24.1","1.8","13.7","19.8","18.0","37.5","25.0","50.0","20.0","0.0","49.2","62.5","80.0","62.5","70.0","10.9","62.5","60.0","62.8","36.6","21.3","33.4","65.5","50.6","22.5","25.0","33.1","73.6","76.1","75.3","100.0","11.1","100.0","88.9"
"Goa","Rural","10.4","2.2","3.1","1.5","3.2","0.8","2.7","0.8","6.0","1.0","1.5","6.7","11.4","13.6","11.4","21.2","0.5","6.2","20.3","17.2","4.2","16.9","24.3","31.2","3.4","19.1","25.1","18.3","50.1","38.5","46.5","53.5","100.0","0.0","41.7","12.3","0.0","100.0","100.0","0.0","0.0","64.9","43.9","19.2","30.0","69.4","54.6","28.0","26.8","31.9","74.0","74.1","70.1","100.0","38.5","84.6","92.3"
"Gujarat","Total","13.9","5.4","8.8","5.1","4.9","3.3","5.8","3.3","8.1","1.9","3.4","3.8","10.8","9.4","9.9","21.6","2.0","25.8","63.0","57.1","68.6","40.2","64.9","29.8","10.3","20.6","22.2","34.4","31.5","22.5","77.8","8.4","52.1","21.4","63.3","80.8","43.5","69.2","39.8","68.4","53.2","75.6","62.1","40.8","33.8","48.0","38.6","17.8","39.4","25.4","68.3","60.7","59.1","94.1","52.9","85.3","91.2"
"Gujarat","Urban","10.7","3.3","6.1","2.7","3.0","1.5","3.5","1.3","6.4","1.0","1.8","2.9","12.5","12.5","10.8","25.3","0.9","31.7","55.6","51.3","76.6","65.2","71.2","30.2","7.0","21.3","23.7","35.3","41.9","4.9","65.7","17.1","91.8","1.6","49.0","76.8","68.2","82.7","61.9","18.2","54.4","78.1","63.9","38.1","31.8","51.9","44.8","14.5","27.4","25.3","69.0","67.3","65.0","92.9","50.0","85.7","92.9"
"Gujarat","Rural","15.0","6.1","9.8","5.9","5.5","4.0","6.6","3.9","8.7","2.2","3.9","4.1","10.1","9.2","9.7","20.3","2.4","24.5","64.2","58.0","66.7","36.5","64.0","29.6","11.5","20.3","21.7","34.1","30.4","24.5","79.2","7.4","46.7","24.1","65.2","81.2","40.2","67.4","36.8","73.8","53.0","74.8","61.5","41.7","34.5","46.6","36.5","18.9","43.5","25.5","68.0","58.5","57.1","95.0","55.0","85.0","90.0"
"Haryana","Total","10.6","3.8","5.4","2.7","1.5","0.8","1.9","0.7","6.5","1.6","2.6","9.3","11.8","9.5","7.7","31.0","2.2","4.1","19.1","19.2","2.2","10.7","7.5","23.7","8.5","14.4","16.5","24.5","42.4","28.2","36.8","23.3","58.9","28.0","74.8","54.8","24.2","30.8","78.2","33.1","24.1","80.6","62.4","47.7","24.6","68.2","63.7","13.8","35.4","28.4","72.2","63.4","67.2","96.8","58.1","90.3","83.9"
"Haryana","Urban","12.9","5.6","7.9","4.3","2.1","1.3","2.5","1.0","7.0","2.5","1.6","11.5","11.7","9.9","<7","31.1","4.0","3.0","13.1","14.6","2.6","3.7","7.4","25.5","6.9","17.0","19.3","26.8","25.9","36.9","14.7","49.6","38.5","41.9","74.1","19.6","18.4","26.7","60.7","48.5","35.7","82.6","55.3","49.6","27.0","69.3","64.2","17.5","33.1","28.1","68.2","62.4","64.2","91.7","66.7","91.7","75.0"
"Haryana","Rural","9.0","2.6","3.7","1.7","1.1","0.5","1.6","0.5","6.2","1.1","2.0","8.0","12.3","8.8","7.8","30.9","1.0","5.6","29.4","27.1","2.0","21.2","7.8","22.6","9.5","12.6","14.6","23.0","73.0","12.3","56.5","0.0","100.0","0.0","75.8","100.0","33.7","35.1","100.0","4.4","13.8","79.2","67.1","46.5","22.9","67.5","63..4","11.4","37.0","28.6","74.8","64.0","69.2","100.0","52.6","89.5","89.5"
"Himachal Pradesh","Total","33.4","1.0","5.5","0.5","1.3","0.1","2.2","0.1","30.6","0.5","1.4","7.1","11.3","12.9","8.2","15.1","0.4","1.1","12.3","11.6","0.8","2.3","0.0","13.4","4.5","7.6","9.1","11.7","73.8","16.2","80.4","18.4","56.6","43.4","99.4","49.2","60.4","23.4","15.3","45.8","75.3","64.4","46.8","24.2","14.6","48.7","42.8","10.8","30.0","19.6","59.9","52.6","55.8","77.8","25.9","81.5","77.8"
"Himachal Pradesh","Urban","11.7","1.4","4.1","0.3","2.9","0.3","2.1","0.3","9.0","1.1","1.2","7.1","<7","14","<7","27.2","0.6","0.5","52.1","2.1","3.5","0.0","0.0","26.2","8.1","14.4","18.1","30.4","97.9","0.0","97.8","0.0","56.6","43.4","97.9","97.8","0.0","0.0","96.7","97.9","97.8","76.9","56.8","32.9","23.7","53.9","46.2","13.8","35.1","29.3","73.9","68.8","69.5","50.0","12.5","75.0","62.5"
"Himachal Pradesh","Rural","36.3","1.0","5.7","0.5","1.0","0.1","2.3","0.1","33.5","0.5","1.5","7.1","11.6","12.4","8.3","13.5","0.3","1.1","9.5","12.3","0.7","3.0","0.0","11.7","4.0","6.7","7.9","9.1","63.4","23.2","56.0","44.0","0.0","0.0","100.0","22.3","86.6","56.0","0.0","23.2","44.0","62.7","45.4","23.0","13.3","48.0","42.4","10.4","29.3","18.2","58.0","50.4","54.0","89.5","31.6","84.2","84.2"
"Jharkhand","Total","24.6","5.1","9.0","3.6","3.7","1.1","4.5","1.7","20.1","2.7","7.5","6.2","10.4","10.0","7.4","31.4","3.6","11.1","17.1","21.7","6.3","23.0","20.5","23.2","6.8","17.5","19.7","21.8","28.7","28.3","34.2","28.0","37.5","27.7","66.4","46.4","74.8","79.5","68.4","34.0","20.0","63.8","48.0","33.3","19.9","40.5","30.0","15.2","36.1","20.5","62.1","49.4","52.3","90.6","43.8","93.8","90.6"
"Jharkhand","Urban","10.6","2.4","4.3","2.1","2.4","0.8","1.5","1.1","7.9","0.6","1.5","4.5","12.0","9.5","9.3","30.9","2.6","10.1","29.3","41.0","6.5","6.3","8.3","31.1","3.1","18.5","26.8","23.4","79.6","5.2","0.0","45.9","24.2","0.0","55.3","24.5","94.5","4.6","87.6","53.6","41.5","83.9","68.1","44.6","21.1","59.3","52.9","16.2","45.4","39.4","85.5","81.5","81.6","100.0","50.0","83.3","100.0"
"Jharkhand","Rural","27.0","5.6","9.8","3.9","3.9","1.1","5.0","1.8","22.2","3.1","8.5","6.5","9.8","10.2","7.2","31.5","3.7","11.2","15.9","19.9","6.3","23.6","20.9","21.8","7.4","17.3","18.5","21.6","24.3","30.3","37.2","26.4","37.9","28.6","67.7","48.6","71.6","85.8","67.8","32.3","18.1","60.4","44.6","31.5","19.6","37.3","26.1","15.0","34.6","17.3","58.2","44.0","47.3","88.5","42.3","96.2","88.5"
"Karnataka","Total","3.8","1.2","2.6","0.5","1.6","0.5","1.0","0.5","2.2","0.7","0.5","2.2","11.5","12.5","12.1","21.4","0.0","0.0","99.9","99.9","0.0","0.0","100.0","28.7","6.7","16.4","25.7","13.7","100.0","0.0","100.0","0.0","100.0","0.0","100.0","100.0","0.0","0.0","0.0","100.0","100.0","75.3","53.9","36.6","24.1","86.1","83.9","18.2","41.2","43.7","69.4","69.4","69.1","96.8","16.1","64.5","96.8"
"Karnataka","Urban","0.1","0.0","0.1","0.0","0.0","0.0","0.0","0.0","0.1","0.0","0.0","0.1","11.2","12.4","<7.0","0.4","0.0","0.0","5.3","0.8","34.4","100.0","51.9","0.9","0.2","0.7","0.7","0.4","26.1","65.0","0.0","98.5","0.0","100.0","100.0","97.8","26.1","100.0","48.1","65.0","0.0","99.0","98.8","0.4","0.4","99.5","99.5","0.2","0.3","0.4","99.1","99.2","99.2","92.3","15.4","92.3","100.0"
"Karnataka","Rural","3.8","1.2","2.6","0.5","1.6","0.5","1.0","0.5","2.2","0.7","0.5","2.2","11.5","12.5","12.1","21.4","0.0","0.0","100.0","100.0","0.0","0.0","100.0","28.8","6.7","16.5","25.8","13.8","100.0","0.0","100.0","0.0","100.0","0.0","100.0","100.0","0.0","0.0","0.0","100.0","100.0","75.2","53.8","36.7","24.2","86.0","83.9","18.3","41.3","43.8","69.3","69.3","69.0","100.0","16.7","44.4","94.4"
"Kerala","Total","13.0","3.2","9.3","2.4","7.1","2.0","4.8","0.9","7.4","1.3","0.8","3.3","11.9","11.9","11.5","41.0","2.1","24.4","56.6","38.9","11.6","34.4","36.7","34.2","8.6","20.7","26.7","14.2","36.3","12.7","37.2","21.4","37.1","25.4","74.2","57.4","43.3","56.1","21.5","47.6","33.2","81.1","70.3","29.7","26.3","57.8","47.9","18.9","35.9","40.0","82.8","86.2","84.8","93.8","40.6","96.9","87.5"
"Kerala","Urban","6.2","1.7","4.9","1.0","3.9","0.9","2.4","0.1","4.4","1.6","1.3","4.2","11.6","11.4","11.7","38.7","1.9","24.3","19.0","9.4","20.4","43.2","40.3","28.3","8.4","15.4","22.8","13.4","8.1","0.0","32.5","50.8","49.4","44.2","94.7","49.2","2.9","31.9","0.0","86.6","50.8","79.1","64.2","26.0","24.3","48.5","40.8","13.1","37.9","44.0","83.9","82.7","83.4","88.9","22.2","100.0","88.9"
"Kerala","Rural","14.2","3.5","10.1","2.7","7.6","2.2","5.2","1.1","8.0","1.2","0.7","3.1","12.0","12.0","11.4","41.4","2.2","24.4","59.2","40.9","10.7","32.2","35.8","35.3","8.7","21.6","27.5","14.3","38.4","13.7","37.4","20.6","31.9","17.4","72.6","57.6","46.5","56.7","30.3","44.6","32.7","81.5","71.5","30.4","26.7","59.6","49.2","20.0","35.6","39.3","82.5","86.9","85.1","95.7","47.8","95.7","87.0"
"Lakshadweep","Total","23.3","8.1","13.4","6.6","8.4","4.0","7.0","2.9","15.7","3.3","2.9","4.3","12.6","12.4","12.5","37.9","2.9","35.2","47.7","36.1","10.8","39.0","30.9","43.1","21.0","24.9","32.5","31.5","45.6","23.6","51.2","44.4","25.7","25.6","38.5","34.2","54.6","66.5","37.7","53.9","13.8","74.3","62.3","25.6","31.4","67.4","56.1","26.9","35.3","34.2","74.1","70.2","70.4","93.3","53.3","86.7","93.3"
"Lakshadweep","Urban","13.6","6.1","7.1","3.7","4.0","2.6","4.9","2.7","10.3","3.4","4.2","4.3","12.2","12.1","13.2","31.7","0.3","23.0","45.6","54.4","13.2","43.0","43.0","55.2","27.7","23.3","38.5","25.1","0.0","33.9","0.0","100.0","31.7","0.0","71.8","60.7","47.4","67.4","0.0","49.2","0.0","84.8","67.6","24.3","31.5","70.8","53.1","35.6","42.6","33.0","76.6","73.2","74.9","100.0","50.0","75.0","75.0"
"Lakshadweep","Rural","25.8","8.6","15.1","7.3","9.6","4.4","7.6","2.9","17.2","3.2","2.5","4.4","12.7","12.4","12.0","39.5","3.5","36.7","48.0","33.7","10.5","37.9","27.5","40.0","19.3","25.4","31.0","33.2","51.6","22.2","60.5","34.3","23.9","33.2","33.3","27.7","55.4","66.3","46.3","54.6","16.3","71.6","61.0","25.9","31.4","66.6","56.9","24.7","33.3","34.5","73.5","69.4","69.2","90.9","54.6","90.9","100.0"
"Madhya Pradesh","Total","10.3","3.9","5.9","3.7","2.4","2.2","3.2","1.6","6.9","1.1","0.6","7.4","8.5","7.2","9.5","26.4","2.7","8.9","26.2","37.9","8.5","48.3","30.9","23.8","11.0","17.5","18.4","22.4","51.4","46.8","49.5","34.3","93.3","4.3","52.8","85.0","81.6","66.4","26.9","47.4","12.9","67.1","50.4","33.2","21.7","66.7","63.0","18.7","35.5","15.8","67.1","52.2","55.4","94.1","41.2","97.1","97.1"
"Madhya Pradesh","Urban","10.7","3.3","5.2","2.6","1.2","0.4","2.0","0.4","6.5","1.1","1.1","4.8","12.2","12.3","8.6","23.5","2.0","14.8","12.5","6.2","2.0","40.9","17.3","22.6","8.7","13.4","17.9","20.1","77.3","19.9","78.4","21.6","0.0","33.4","80.1","100.0","22.8","82.8","37.0","78.7","1.5","69.8","54.7","36.0","20.5","65.5","61.3","11.8","25.5","19.7","68.3","60.5","62.4","100.0","54.6","100.0","100.0"
"Madhya Pradesh","Rural","10.2","4.0","6.0","3.9","2.6","2.5","3.4","1.8","6.9","1.1","0.6","7.7","8.3","7.2","9.6","26.8","2.8","8.1","27.5","40.9","9.4","49.4","32.9","23.9","11.3","18.1","18.4","22.8","50.8","47.4","48.7","34.7","96.8","3.2","52.2","84.6","82.9","65.9","26.5","46.6","13.2","66.7","49.8","32.8","21.9","66.9","63.2","19.6","36.9","15.3","66.9","51.0","54.4","91.3","34.8","95.7","95.7"
"Maharashtra","Total","16.4","5.1","7.7","4.0","3.1","1.4","3.7","1.6","11.9","2.4","4.5","7.6","10.6","9.7","10.3","25.5","2.8","12.6","19.8","24.3","9.1","20.2","15.7","31.5","7.8","22.2","23.7","35.4","35.9","16.9","48.9","24.2","51.3","24.5","63.3","70.2","70.1","57.3","60.9","32.1","31.0","71.3","50.7","33.6","24.3","56.6","43.6","24.4","36.4","29.2","74.8","60.6","60.8","85.7","28.6","88.6","100.0"
"Maharashtra","Urban","15.3","5.7","8.0","4.3","3.8","1.9","4.2","2.2","10.9","3.1","4.2","5.6","11.4","10.7","10.4","25.6","3.0","16.4","24.4","35.5","13.8","13.2","17.8","34.7","7.7","24.9","27.1","31.6","27.2","20.0","48.4","17.8","40.5","27.8","58.4","69.4","65.0","45.9","54.7","37.6","25.0","72.4","50.7","33.1","24.4","59.4","49.6","22.3","32.9","30.3","75.5","62.2","65.7","88.2","17.7","82.4","100.0"
"Maharashtra","Rural","17.4","4.6","7.4","3.6","2.4","0.9","3.2","0.9","12.9","1.7","4.8","9.7","9.8","9.2","10.2","25.4","2.5","8.4","14.3","10.9","5.1","33.2","11.7","28.1","8.0","19.4","20.1","39.3","52.5","10.9","50.2","40.0","72.1","18.0","73.4","72.2","79.8","83.8","71.1","21.4","45.8","70.1","50.8","34.0","24.2","53.7","37.4","26.5","40.1","28.0","74.2","59.0","55.8","83.3","38.9","94.4","100.0"
"Manipur","Total","41.0","19.5","22.4","13.4","17.0","7.3","11.8","7.3","34.6","12.8","7.2","1.6","11.9","9.3","11.7","10.2","1.9","22.3","61.0","50.3","31.9","40.2","43.8","51.6","22.5","41.7","41.7","31.0","42.5","23.5","54.7","35.9","61.2","21.3","47.0","43.1","53.7","15.3","24.7","42.3","43.6","73.3","57.9","34.8","30.5","48.4","41.4","11.9","28.4","28.2","77.1","69.9","72.4","75.0","37.5","70.8","75.0"
"Manipur","Urban","43.0","16.8","23.9","11.0","20.5","10.6","8.2","1.4","32.4","9.3","9.6","3.6","12.6","12.0","11.7","14.9","3.3","32.8","70.4","64.8","24.3","42.8","56.8","47.7","20.0","36.2","38.8","26.9","40.7","27.0","24.5","35.4","47.5","41.3","49.8","60.2","57.6","99.1","50.4","37.2","74.3","62.7","50.7","33.8","25.6","42.3","35.8","8.5","21.7","23.7","70.4","61.1","60.0","100.0","80.0","100.0","100.0"
"Manipur","Rural","40.3","20.5","21.8","14.3","15.6","5.9","13.3","9.7","35.4","14.1","6.2","0.8","24.2","9.2","11.7","8.4","1.3","17.8","58.2","45.8","34.6","39.5","40.3","53.1","23.5","43.9","42.8","32.6","43.8","21.1","56.1","35.9","64.8","16.0","45.0","42.1","51.5","11.5","17.7","45.7","42.2","77.5","60.8","35.2","32.5","50.8","43.5","13.2","31.0","30.0","79.7","73.5","77.4","68.4","26.3","63.2","68.4"
"Meghalaya","Total","47.0","33.6","35.4","27.1","25.1","19.2","19.6","15.1","37.6","23.3","13.2","4.7","11.7","12.1","11.6","36.9","11.1","35.5","43.6","59.6","54.8","47.8","66.8","69.5","38.5","55.1","61.3","46.1","30.0","21.4","49.8","21.4","51.9","22.1","70.1","75.1","60.6","50.1","49.1","51.6","54.7","85.5","56.8","31.2","53.1","69.5","60.4","23.7","49.2","39.9","62.6","70.7","78.7","95.8","45.8","87.5","91.7"
"Meghalaya","Urban","61.7","35.1","36.7","20.8","30.6","16.9","14.2","6.7","52.1","24.0","14.9","7.7","11.9","10.7","10.8","47.3","14.8","40.7","53.2","67.9","31.2","46.2","60.5","74.4","30.8","56.3","67.3","46.0","35.6","14.9","60.0","22.9","32.0","7.3","64.1","81.3","24.3","26.0","20.0","48.6","31.9","92.2","71.4","37.1","63.8","68.9","67.6","8.4","60.4","48.8","76.6","83.1","84.3","100.0","66.7","100.0","100.0"
"Meghalaya","Rural","42.7","33.2","35.0","29.0","23.6","19.9","21.2","17.5","33.4","23.1","12.7","4.1","11.7","12.2","11.9","33.9","10.0","33.9","41.6","57.9","65.5","48.3","68.7","68.0","40.8","54.7","59.5","46.1","28.6","23.0","48.6","21.2","58.1","26.7","71.6","74.4","68.3","52.5","56.6","52.3","57.2","83.5","52.6","29.5","49.9","69.6","58.4","28.2","46.0","37.4","58.6","67.1","77.0","94.4","38.9","83.3","88.9"
"Mizoram","Total","89.7","57.9","83.0","43.6","76.9","35.3","19.7","4.6","69.1","33.3","17.7","2.4","11.1","11.5","10.1","37.9","21.1","21.8","52.3","52.7","22.4","59.3","50.2","64.8","42.4","50.7","55.8","68.6","48.0","34.8","66.7","17.0","51.4","28.4","57.8","24.7","18.8","17.0","10.1","45.5","53.5","89.9","57.0","39.1","68.0","77.3","72.7","17.3","55.5","63.1","83.7","85.9","88.6","95.2","57.1","76.2","81.0"
"Mizoram","Urban","88.7","59.6","81.9","44.5","76.8","37.3","20.2","4.7","72.9","37.0","21.7","1.7","11.2","11.2","10.4","37.7","18.5","21.3","55.3","54.9","24.2","61.4","54.5","65.7","43.3","53.5","57.0","68.9","51.8","30.9","63.4","2.7","49.2","31.0","63.0","20.8","15.9","8.4","9.2","52.2","60.1","90.5","61.9","43.6","69.4","83.7","79.1","20.4","60.6","65.3","88.7","86.6","92.1","91.7","50.0","66.7","75.0"
"Mizoram","Rural","91.1","55.8","84.5","42.4","77.1","32.7","19.1","4.3","63.9","28.3","12.3","3.6","10.9","12.1","9.7","38.2","24.4","22.4","48.0","49.5","19.7","55.5","42.6","63.6","41.3","46.9","54.1","68.1","41.9","41.1","69.7","30.3","55.9","23.4","49.7","30.3","23.8","20.7","11.6","35.1","47.3","89.0","50.4","33.0","66.0","68.8","64.3","13.3","48.7","60.2","77.1","85.1","83.9","100.0","66.7","88.9","88.9"
"Nagaland","Total","68.3","42.6","42.7","26.5","36.4","20.4","29.1","20.8","62.9","35.1","30.5","12.2","11.0","10.1","10.4","17.3","2.9","13.5","65.7","78.6","13.5","72.6","85.1","68.7","28.3","57.9","54.4","35.7","59.3","28.0","45.7","19.9","54.6","34.8","85.0","77.8","17.6","17.3","7.7","61.8","38.8","80.2","37.0","31.6","53.3","81.5","69.8","28.4","42.4","35.8","70.6","80.4","61.5","95.7","69.6","82.6","100.0"
"Nagaland","Urban","64.2","37.4","38.7","22.5","32.7","16.4","22.5","15.1","58.4","30.4","25.3","12.3","11.5","10.5","10.8","19.5","3.4","19.5","60.8","72.3","12.2","66.8","77.7","62.5","25.0","53.4","49.5","37.6","49.3","33.9","50.2","12.6","50.2","35.9","83.7","68.4","13.0","7.4","7.0","57.4","38.1","81.3","40.1","34.7","55.7","79.8","69.2","28.1","43.7","37.4","75.5","82.4","69.1","91.7","75.0","75.0","100.0"
"Nagaland","Rural","71.5","46.8","45.9","29.7","39.4","23.6","34.3","25.3","66.6","38.9","34.7","12.0","10.6","9.9","10.1","15.5","2.6","9.4","68.7","82.5","14.4","76.2","89.8","73.7","31.1","61.6","58.4","34.2","65.1","24.6","43.6","23.3","57.5","34.2","85.8","82.3","20.2","21.8","8.2","64.3","39.1","79.3","34.4","29.1","51.4","82.8","70.2","28.7","41.3","34.6","66.7","78.8","55.4","100.0","63.6","90.9","100.0"
"Odisha","Total","17.9","6.2","11.5","4.6","4.8","1.6","4.2","1.9","10.2","2.4","3.7","13.9","11.1","10.7","10.1","9.6","2.0","11.6","24.1","20.4","18.0","36.8","17.3","19.0","5.0","12.8","13.6","20.7","35.7","22.8","57.5","19.1","43.4","20.5","45.2","45.7","65.9","87.9","68.0","10.3","19.5","59.0","38.2","24.6","17.4","27.8","17.5","39.2","26.0","21.8","61.9","46.3","42.6","59.4","37.5","56.3","37.5"
"Odisha","Urban","16.9","5.3","9.0","3.8","5.0","1.8","2.1","0.7","11.8","2.3","2.9","16.9","9.3","10.7","10.5","10.7","2.3","5.7","5.2","11.3","11.8","28.1","0.0","16.9","4.2","10.6","10.8","18.2","100.0","0.0","65.5","34.5","91.5","0.0","6.6","70.7","0.0","100.0","100.0","0.0","65.5","69.7","47.9","25.8","14.5","25.6","12.8","33.0","34.7","16.8","64.6","51.8","50.1","80.0","60.0","60.0","60.0"
"Odisha","Rural","18.1","6.4","12.0","4.8","4.8","1.5","4.6","2.1","10.0","2.5","3.8","13.4","11.5","10.7","9.9","9.4","1.9","12.3","26.8","21.7","19.3","38.2","20.1","19.4","5.2","13.2","14.1","21.2","34.6","23.2","56.9","17.9","37.4","23.0","53.0","44.3","76.2","87.1","62.8","10.4","16.1","57.1","36.5","24.4","17.9","28.2","18.3","40.3","24.5","22.7","61.4","45.3","41.3","55.6","33.3","55.6","33.3"
"Puducherry","Total","11.6","4.3","5.7","2.8","1.5","0.0","0.1","0.0","8.6","1.4","4.2","3.8","14.5","12.2","<7.0","12.5","0.2","24.8","0.1","0.1","0.1","0.1","0.1","49.2","3.0","42.0","37.8","17.9","56.4","17.2","66.2","17.1","63.8","27.1","65.0","6.1","29.0","7.3","53.1","30.0","41.8","75.4","56.5","27.7","19.3","55.5","46.8","14.8","24.6","40.5","77.1","52.6","59.1","68.2","18.2","63.6","45.5"
"Puducherry","Urban","11.6","4.3","5.7","2.8","1.5","0.0","0.1","0.0","8.6","1.4","4.2","3.8","14.5","12.4","<7.0","12.5","0.2","24.9","0.0","0.0","0.0","0.0","0.0","49.3","3.0","42.0","37.9","17.9","36.0","0.0","56.5","0.0","29.0","0.0","30.5","1.4","36.8","15.9","71.5","23.1","0.0","75.4","56.4","27.8","19.2","55.4","46.8","14.8","24.7","40.6","77.1","52.5","59.1","61.5","30.8","61.5","30.8"
"Puducherry","Rural","13.7","2.7","6.0","1.7","4.2","1.0","1.2","0.6","10.8","1.9","3.7","2.0","12.0","12.0","10.6","11.9","1.4","8.8","13.3","36.7","13.5","26.8","26.8","29.6","7.8","22.4","24.1","19.7","66.7","25.8","71.0","25.5","68.3","30.6","94.4","98.7","26.0","1.6","42.4","33.5","69.7","79.5","72.1","20.5","35.9","68.0","61.4","16.2","11.4","19.5","79.7","78.5","60.5","77.8","0.0","66.7","66.7"
"Punjab","Total","12.3","5.7","8.2","5.3","4.8","3.6","3.7","2.9","7.2","1.4","1.6","5.4","7.9","8.0","7.6","21.6","2.1","4.6","20.7","36.8","11.6","21.3","21.4","15.2","4.8","10.4","10.7","16.1","87.3","5.2","54.0","24.8","54.2","45.8","89.3","96.4","53.8","80.4","100.0","32.1","17.2","71.7","57.4","36.6","17.6","67.2","65.5","11.2","40.3","18.5","75.5","46.9","70.9","100.0","32.3","96.8","93.6"
"Punjab","Urban","8.5","3.0","5.6","2.2","1.3","0.8","1.0","0.7","3.6","0.9","0.9","5.0","9.7","12.8","<7","20.4","1.3","3.1","10.8","6.6","4.8","0.0","0.0","19.7","2.8","15.3","16.5","17.6","40.2","0.0","34.1","25.1","0.0","0.0","51.7","59.2","74.9","58.8","0.0","35.3","19.4","75.4","64.9","44.0","21.4","73.2","72.3","12.6","34.5","22.0","82.4","57.9","81.2","100.0","36.4","90.9","100.0"
"Punjab","Rural","13.9","6.8","9.2","6.6","6.2","4.7","4.8","3.9","8.7","1.5","2.0","5.5","7.8","7.9","7.8","22.1","2.4","5.0","22.1","41.1","12.8","26.5","26.6","13.3","5.6","8.3","8.3","15.4","89.8","5.5","55.6","24.8","100.0","100.0","91.8","99.3","52.8","82.0","100.0","31.9","17.0","70.1","54.2","33.5","16.0","64.7","62.7","10.5","42.8","17.0","72.6","42.3","66.7","100.0","30.0","100.0","90.0"
"Rajasthan","Total","11.1","4.1","8.0","3.9","7.0","3.7","4.5","3.6","7.0","3.7","2.8","17.1","13.4","14.2","7.6","15.6","0.4","30.4","88.9","88.9","17.8","33.4","2.4","19.2","9.3","12.7","15.7","30.4","63.2","34.7","99.0","0.6","64.6","34.6","96.7","98.3","2.0","0.5","66.2","33.8","32.6","82.5","46.2","53.7","43.8","74.3","67.9","16.0","46.6","23.5","72.7","69.2","71.9","100.0","64.7","97.1","94.1"
"Rajasthan","Urban","5.6","0.7","2.4","0.7","1.7","0.7","1.0","0.4","3.3","0.1","0.0","4.4","12.7","13.1","10.9","23.0","0.3","0.0","0.0","0.0","4.3","0.0","100.0","22.8","10.1","13.7","15.3","24.9","19.9","39.7","100.0","0.0","0.0","100.0","59.6","100.0","50.0","0.0","0.0","39.7","0.0","83.6","72.8","43.9","36.8","77.4","73.5","19.4","36.4","21.6","78.3","83.6","83.2","100.0","55.6","100.0","100.0"
"Rajasthan","Rural","12.1","4.7","9.0","4.5","7.9","4.2","5.2","4.1","7.6","4.3","3.3","19.4","13.4","14.2","7.6","14.4","0.4","31.8","91.4","91.4","18.8","33.6","1.8","18.5","9.2","12.5","15.8","31.3","64.5","34.5","99.0","0.6","65.0","34.2","97.8","98.3","0.8","0.5","66.2","33.7","33.2","82.3","41.6","55.4","45.1","73.7","67.0","15.5","48.3","23.9","71.8","66.7","69.9","100.0","68.0","96.0","92.0"
"Sikkim","Total","41.8","24.6","31.7","23.4","27.0","19.4","14.3","9.9","33.5","10.7","9.7","5.8","12.7","12.2","12.8","50.0","14.1","37.2","54.2","49.1","17.3","35.2","55.2","51.7","19.0","37.3","41.8","36.2","33.1","22.6","38.3","25.1","28.3","28.2","45.6","41.3","57.8","53.4","50.2","55.9","37.4","79.8","61.7","42.7","42.9","65.9","60.2","20.3","46.8","46.3","73.0","71.7","69.6","100.0","33.3","94.4","77.8"
"Sikkim","Urban","43.6","26.7","34.7","25.5","30.1","21.3","15.0","9.8","34.5","12.7","9.9","6.1","12.8","12.0","12.9","57.5","16.4","40.1","59.0","54.0","18.8","27.3","49.7","51.7","18.4","35.9","40.5","33.6","33.0","26.6","31.7","24.5","31.1","31.1","43.6","43.2","51.8","56.8","49.2","65.2","38.6","78.9","63.3","45.1","41.1","65.2","59.8","19.1","47.3","47.3","72.6","75.4","73.4","100.0","50.0","87.5","75.0"
"Sikkim","Rural","39.1","21.4","27.1","20.1","22.1","16.5","13.2","10.0","32.0","7.6","9.3","5.3","12.5","12.7","12.4","38.9","10.6","31.4","44.8","39.3","14.7","55.6","69.3","51.6","19.9","39.5","43.7","40.3","33.4","15.1","47.4","28.9","20.5","20.1","49.4","38.6","72.8","49.4","53.4","38.2","35.7","81.0","59.3","39.0","45.8","66.9","60.7","22.1","46.0","44.8","73.7","66.0","63.7","100.0","20.0","100.0","80.0"
"Tamil Nadu","Total","14.1","4.8","7.8","4.1","3.9","2.3","3.7","1.7","9.1","1.6","2.1","8.8","11.0","10.9","8.3","11.1","2.1","16.4","25.3","20.1","8.8","12.1","16.5","43.5","14.5","32.1","34.6","28.3","41.0","33.7","68.4","16.3","39.9","31.9","76.0","62.7","81.3","80.9","87.9","22.8","22.4","69.2","53.2","32.6","27.1","48.0","39.2","14.8","28.3","34.3","68.4","61.1","62.2","67.7","35.3","64.7","70.6"
"Tamil Nadu","Urban","15.1","6.4","10.0","5.8","5.5","3.7","4.9","2.1","8.8","1.9","2.3","8.1","11.1","11.8","8.9","13.4","2.5","17.8","30.9","22.7","11.6","16.6","20.7","41.9","15.5","31.2","33.1","24.1","50.7","33.9","73.5","13.3","28.7","49.2","87.8","75.3","79.8","79.6","100.0","21.2","15.5","72.5","56.8","35.6","30.4","45.4","36.7","13.9","31.9","35.3","66.3","66.1","69.7","60.0","26.7","66.7","60.0"
"Tamil Nadu","Rural","13.3","3.4","5.8","2.6","2.4","1.1","2.6","1.3","9.5","1.3","2.0","9.4","10.5","9.4","7.8","9.1","1.7","14.3","14.2","15.0","6.5","6.3","11.1","44.9","13.6","33.0","35.9","31.9","0.0","32.9","56.9","23.3","57.5","4.7","39.3","44.6","87.8","84.6","75.7","29.6","38.1","66.2","50.0","29.9","24.2","50.2","41.4","15.6","25.2","33.4","70.3","56.6","55.6","73.7","42.1","63.2","79.0"
"Telangana","Total","9.4","5.2","6.9","4.0","3.8","2.5","2.5","1.1","3.9","1.9","1.5","7.9","13.1","10.1","12.6","25.3","1.5","15.7","15.3","30.1","5.9","9.6","48.9","42.1","11.4","30.9","32.3","21.9","39.8","27.8","38.0","25.2","49.4","20.9","69.8","56.7","41.2","35.4","82.0","41.6","52.9","65.1","49.2","24.1","26.0","72.7","71.0","11.7","24.8","34.7","71.1","67.2","65.8","53.1","21.9","53.1","62.5"
"Telangana","Urban","9.7","5.0","6.9","3.8","3.5","2.1","2.1","1.0","4.0","1.8","0.9","8.9","12.5","12.5","13.1","28.8","1.5","11.2","16.7","20.0","7.2","9.6","18.5","42.0","7.4","31.8","31.5","24.0","16.8","37.7","65.0","2.3","33.4","15.8","52.4","34.6","59.3","20.4","73.6","57.6","48.0","67.6","52.4","29.1","29.1","78.2","77.0","11.4","28.1","38.8","73.3","72.5","71.7","52.9","29.4","64.7","76.5"
"Telangana","Rural","9.1","5.5","7.0","4.3","4.2","3.1","3.0","1.2","3.9","1.9","2.2","6.6","13.5","9.6","12.5","20.8","1.3","21.3","13.8","41.4","4.2","9.7","85.0","42.3","16.4","29.8","33.4","19.3","58.3","19.9","7.1","51.5","63.1","25.3","84.3","80.6","26.9","50.3","89.0","28.7","58.4","62.0","45.2","17.8","22.0","65.9","63.5","12.1","20.6","29.4","68.2","60.4","58.4","53.3","13.3","40.0","46.7"
"Tripura","Total","22.6","7.6","10.5","4.0","5.6","2.7","4.3","1.9","19.7","5.0","8.2","5.9","9.9","9.4","8.0","38.0","2.7","12.7","25.7","40.2","15.1","13.9","22.5","43.7","17.0","30.8","35.8","19.2","85.4","11.2","65.1","18.9","70.3","24.6","91.6","89.7","86.0","30.0","78.6","55.2","33.3","66.0","50.0","24.0","27.5","46.2","36.0","17.8","17.4","21.1","74.4","44.2","43.5","92.0","48.0","64.0","76.0"
"Tripura","Urban","13.4","2.4","5.5","2.2","3.0","0.5","2.0","1.2","9.9","0.3","2.7","3.9","11.2","12.1","12.4","44.9","2.2","9.0","76.8","54.6","5.1","0.0","0.0","57.0","22.5","43.7","48.1","23.9","0.0","0.0","98.3","1.7","100.0","0.0","0.0","58.5","0.0","100.0","100.0","0.0","0.0","75.5","54.3","28.1","29.4","63.4","51.8","24.4","23.2","27.7","85.4","75.4","73.1","100.0","50.0","66.7","100.0"
"Tripura","Rural","23.8","8.3","11.1","4.3","5.9","3.0","4.5","2.0","20.9","5.6","8.9","6.2","9.9","9.2","7.9","37.1","2.7","12.9","22.5","39.2","15.7","14.0","22.6","42.0","16.3","29.2","34.2","18.7","100.0","100.0","63.6","19.7","70.3","24.6","93.5","92.0","86.0","24.2","78.6","55.2","34.8","64.8","49.5","23.5","27.2","44.0","34.0","17.0","16.7","20.2","73.0","40.3","39.8","89.5","47.4","63.2","68.4"
"Uttar Pradesh","Total","32.2","22.9","23.4","21.2","4.0","2.3","4.6","1.9","24.4","12.3","12.5","8.0","9.6","7.9","7.7","34.3","5.0","3.2","4.3","4.0","1.8","26.6","26.8","26.7","16.3","21.7","23.3","43.8","29.3","22.8","38.4","36.1","61.6","20.3","64.0","79.5","78.2","57.4","97.9","26.1","21.9","69.6","51.7","35.3","18.0","61.2","51.9","17.5","48.0","22.9","74.7","57.1","63.3","91.9","59.5","91.9","86.5"
"Uttar Pradesh","Urban","6.6","2.6","2.8","1.7","0.9","0.6","1.4","0.6","4.9","1.0","1.5","4.6","9.4","6.8","10.9","18.6","1.1","13.5","18.0","8.9","0.3","10.1","3.5","25.1","13.6","20.8","21.8","25.4","44.5","13.2","28.6","64.6","62.6","0.0","76.5","100.0","39.4","48.2","73.8","24.9","20.9","63.0","50.8","39.2","13.4","78.7","77.5","14.2","39.8","19.1","67.6","53.9","58.7","100.0","70.0","100.0","90.0"
"Uttar Pradesh","Rural","36.3","26.1","26.7","24.2","4.5","2.5","5.1","2.1","27.4","14.1","14.2","8.8","9.6","7.9","7.7","36.7","5.6","3.1","4.2","3.9","1.8","26.8","27.1","26.9","16.7","21.8","23.5","46.7","28.6","23.3","38.9","34.6","61.6","21.0","63.5","78.5","79.8","57.9","98.1","26.1","21.9","70.6","51.8","34.7","18.8","58.4","47.9","18.1","49.3","23.5","75.8","57.6","64.0","88.9","55.6","88.9","85.2"
"Uttarakhand","Total","31.4","18.5","26.6","17.2","13.2","7.3","14.3","5.6","10.3","2.6","2.9","11.2","7.0","7.5","<7","36.9","7.6","14.1","20.9","17.9","7.1","8.8","1.6","42.5","11.9","31.0","30.2","17.8","69.1","13.9","72.6","20.5","39.4","27.8","26.1","74.0","62.2","75.1","31.0","43.5","17.3","70.0","40.2","37.6","31.7","47.3","36.1","16.7","27.5","25.4","63.4","50.7","56.5","50.0","14.3","67.9","60.7"
"Uttarakhand","Urban","39.5","25.7","35.9","24.8","19.4","9.7","22.2","7.7","8.7","1.6","2.4","11.4","7.1","7.6","<7","49.2","14.7","15.8","19.6","17.6","0.8","0.0","0.0","58.1","12.0","42.5","47.7","13.2","59.5","31.8","79.3","19.7","58.4","17.8","23.6","73.1","23.0","75.5","100.0","54.9","15.8","76.4","40.5","44.8","38.7","60.7","45.7","22.4","35.3","35.4","67.7","60.6","67.4","42.9","0.0","42.9","57.1"
"Uttarakhand","Rural","28.2","15.7","22.9","14.2","10.7","6.3","11.3","4.8","11.0","2.9","3.1","11.1","<7","7.4","7.5","32.1","4.8","13.1","21.8","18.1","9.0","10.7","2.0","36.4","11.8","26.5","23.4","19.7","76.1","0.7","68.2","21.1","34.3","30.5","27.6","69.2","89.0","74.8","69.3","35.2","18.2","67.5","40.1","34.8","28.9","42.0","32.3","14.4","24.4","21.5","61.7","46.9","52.2","52.4","19.1","76.2","61.9"
"West Bengal","Total","17.3","7.1","9.3","5.2","5.4","3.6","5.5","2.9","11.1","3.0","3.8","6.7","12.6","12.7","12.3","32.3","2.0","16.9","37.9","40.1","11.9","15.5","13.8","55.1","27.0","38.9","46.6","33.4","49.3","18.8","52.0","22.7","59.2","17.4","63.1","74.2","34.1","24.8","38.9","45.2","20.7","67.6","50.0","29.3","28.7","50.1","38.3","21.0","25.1","19.9","73.7","48.1","49.3","94.3","65.7","85.7","91.4"
"West Bengal","Urban","18.0","6.9","9.1","4.1","5.0","2.2","2.9","1.4","12.2","3.8","2.8","4.9","12.5","12.5","11.7","25.0","2.3","16.9","39.4","27.3","14.2","41.9","25.2","71.4","24.0","51.7","58.2","43.3","52.3","23.0","33.4","45.8","66.5","16.8","60.6","79.2","11.0","11.6","17.2","59.2","22.9","81.3","71.1","27.5","39.2","61.3","52.9","23.4","39.3","26.3","74.1","74.8","74.1","85.7","57.1","71.4","71.4"
